Workbook

Sheet downtime
A1: Problemas por áreas
A2: data | B2: hora | C2: turno | D2: linha | E2: Lider | F2: valor_unitario | G2: valr total | H2: modelo_produto | I2: perdas | J2: minutos_parados | K2: responsavel | L2: departamento | M2: tipo | N2: descricao | O2: status | P2: prazo
A3: 46126 | B3: 09:00 AS 10:00 | C3: 1 | D3: 2 | E3: {=IFERROR(INDEX('base 1'!$F$2:$F$31,MATCH(1, ('base 1'!$G$2:$G$31=D3)*('base 1'!$H$2:$H$31=C3),0)),"")} -> MIKE WILLIAN | F3: =VLOOKUP(H3,'base 1'!K:L,2,0) -> 274 | G3: =F3*I3 -> 32058 | H3: NSX P213I | I3: =SUMIFS('base 1'!C:C,'base 1'!A:A,downtime!D3,'base 1'!B:B,H3)/60*J3 -> 117 | J3: 60 | K3: =VLOOKUP(L3,'base 1'!P:Q,2,0) -> LEANDRO | L3: MATERIAIS | M3: ATRASO SEPARAÇÃO OP/PEDIDO | N3: ATRASO NA SEPARAÇÃO DE OP, DEVIDO TROCA DE ITENS NA BOM (ASSEMBLY) SAINDO EXTERNO ENTRANDO INTERNO.
A4: 46126 | B4: 08:00 AS 09:00 | C4: 1 | D4: 2 | E4: {=IFERROR(INDEX('base 1'!$F$2:$F$31,MATCH(1, ('base 1'!$G$2:$G$31=D4)*('base 1'!$H$2:$H$31=C4),0)),"")} -> MIKE WILLIAN | F4: =VLOOKUP(H4,'base 1'!K:L,2,0) -> 274 | G4: =F4*I4 -> 24043.5 | H4: NSX P213I | I4: =SUMIFS('base 1'!C:C,'base 1'!A:A,downtime!D4,'base 1'!B:B,H4)/60*J4 -> 87.75 | J4: 45 | K4: =VLOOKUP(L4,'base 1'!P:Q,2,0) -> LEANDRO | L4: MATERIAIS | M4: ATRASO SEPARAÇÃO OP/PEDIDO | N4: ATRASO NA SEPARAÇÃO DE OP, DEVIDO TROCA DE ITENS NA BOM (ASSEMBLY) SAINDO EXTERNO ENTRANDO INTERNO.
A5: 46126 | B5: 07:00 AS 08:00 | C5: 1 | D5: 2 | E5: {=IFERROR(INDEX('base 1'!$F$2:$F$31,MATCH(1, ('base 1'!$G$2:$G$31=D5)*('base 1'!$H$2:$H$31=C5),0)),"")} -> MIKE WILLIAN | F5: =VLOOKUP(H5,'base 1'!K:L,2,0) -> 218 | G5: =F5*I5 -> 24852 | H5: NSX 324I | I5: =SUMIFS('base 1'!C:C,'base 1'!A:A,downtime!D5,'base 1'!B:B,H5)/60*J5 -> 114 | J5: 60 | K5: =VLOOKUP(L5,'base 1'!P:Q,2,0) -> JANDERSON | L5: PRODUÇÃO | M5: FECHAMENTO | N5: FECHAMENTO DE LOTE 6226
A6: 46126 | B6: 06:00 AS 07:00 | C6: 1 | D6: 2 | E6: {=IFERROR(INDEX('base 1'!$F$2:$F$31,MATCH(1, ('base 1'!$G$2:$G$31=D6)*('base 1'!$H$2:$H$31=C6),0)),"")} -> MIKE WILLIAN | F6: =VLOOKUP(H6,'base 1'!K:L,2,0) -> 218 | G6: =F6*I6 -> 24852 | H6: NSX 324I | I6: =SUMIFS('base 1'!C:C,'base 1'!A:A,downtime!D6,'base 1'!B:B,H6)/60*J6 -> 114 | J6: 60 | K6: =VLOOKUP(L6,'base 1'!P:Q,2,0) -> JANDERSON | L6: PRODUÇÃO | M6: FECHAMENTO | N6: FECHAMENTO DE LOTE 6226
A7: 46126 | B7: 09:00 AS 10:00 | C7: 1 | D7: 4 | E7: {=IFERROR(INDEX('base 1'!$F$2:$F$31,MATCH(1, ('base 1'!$G$2:$G$31=D7)*('base 1'!$H$2:$H$31=C7),0)),"")} -> BRUNO LOPES | F7: =VLOOKUP(H7,'base 1'!K:L,2,0) -> 44.57 | G7: =F7*I7 -> 1913.5387 | H7: LUMEN3_MD | I7: =SUMIFS('base 1'!C:C,'base 1'!A:A,downtime!D7,'base 1'!B:B,H7)/60*J7 -> 42.933333 | J7: 7 | K7: =VLOOKUP(L7,'base 1'!P:Q,2,0) -> ROGERIO | L7: ENGENHARIA INDUSTRIAL | M7: MÁQUINA DE SOLIDARIZAÇÃO | N7: SOLIDARIZAÇÃO MARCANDO MEDIDOR.
A8: 46126 | B8: 13:00 AS 14:00 | C8: 1 | D8: 4 | E8: {=IFERROR(INDEX('base 1'!$F$2:$F$31,MATCH(1, ('base 1'!$G$2:$G$31=D8)*('base 1'!$H$2:$H$31=C8),0)),"")} -> BRUNO LOPES | F8: =VLOOKUP(H8,'base 1'!K:L,2,0) -> 44.57 | G8: =F8*I8 -> 2733.6267 | H8: LUMEN3_MD | I8: =SUMIFS('base 1'!C:C,'base 1'!A:A,downtime!D8,'base 1'!B:B,H8)/60*J8 -> 61.333333 | J8: 10 | K8: =VLOOKUP(L8,'base 1'!P:Q,2,0) -> ROGERIO | L8: ENGENHARIA INDUSTRIAL | M8: BANCADA VERIFICAÇÃO | N8: BANCADA DE VERIFICAÇÃO COM PROGRAMA SHANGDI INOPERANTE
A9: 46126 | B9: 06:00 AS 07:00 | C9: 1 | D9: 4 | E9: {=IFERROR(INDEX('base 1'!$F$2:$F$31,MATCH(1, ('base 1'!$G$2:$G$31=D9)*('base 1'!$H$2:$H$31=C9),0)),"")} -> BRUNO LOPES | F9: =VLOOKUP(H9,'base 1'!K:L,2,0) -> 44.57 | G9: =F9*I9 -> 11754.595 | H9: LUMEN3_MD | I9: =SUMIFS('base 1'!C:C,'base 1'!A:A,downtime!D9,'base 1'!B:B,H9)/60*J9 -> 263.73333 | J9: 43 | K9: =VLOOKUP(L9,'base 1'!P:Q,2,0) -> ROGERIO | L9: ENGENHARIA INDUSTRIAL | M9: MÁQUINA DE GRAVAÇÃO LASER | N9: GRAVAÇÃO LASER COM TONALIDADE FORTE E LENTIDÃO, SENDO NECESÁRIO AJSUTE.
A10: 46126 | B10: 06:00 AS 07:00 | C10: 1 | D10: 5 | E10: {=IFERROR(INDEX('base 1'!$F$2:$F$31,MATCH(1, ('base 1'!$G$2:$G$31=D10)*('base 1'!$H$2:$H$31=C10),0)),"")} -> GLEYCIANE LIMA | F10: =VLOOKUP(H10,'base 1'!K:L,2,0) -> 205 | G10: =F10*I10 -> 28700 | H10: NSX 112I | I10: =SUMIFS('base 1'!C:C,'base 1'!A:A,downtime!D10,'base 1'!B:B,H10)/60*J10 -> 140 | J10: 60 | K10: =VLOOKUP(L10,'base 1'!P:Q,2,0) -> JANDERSON | L10: PRODUÇÃO | M10: SEM PERIFERICOS | N10: SEM PERIFERICOS - PARAFUSADEIRA DO PARAFUSO PIERCE / PARAFUSADEIRA DA TAMPA DO BLOCO E SEM A GRAVAÇÃ
A11: 46126 | B11: 07:00 AS 08:00 | C11: 1 | D11: 5 | E11: {=IFERROR(INDEX('base 1'!$F$2:$F$31,MATCH(1, ('base 1'!$G$2:$G$31=D11)*('base 1'!$H$2:$H$31=C11),0)),"")} -> GLEYCIANE LIMA | F11: =VLOOKUP(H11,'base 1'!K:L,2,0) -> 205 | G11: =F11*I11 -> 28700 | H11: NSX 112I | I11: =SUMIFS('base 1'!C:C,'base 1'!A:A,downtime!D11,'base 1'!B:B,H11)/60*J11 -> 140 | J11: 60 | K11: =VLOOKUP(L11,'base 1'!P:Q,2,0) -> JANDERSON | L11: PRODUÇÃO | M11: SEM PERIFERICOS | N11: SEM PERIFERICOS - PARAFUSADEIRA DO PARAFUSO PIERCE / PARAFUSADEIRA DA TAMPA DO BLOCO E SEM A GRAVAÇÃ
A12: 46126 | B12: 06:00 AS 07:00 | C12: 1 | D12: 8 | E12: {=IFERROR(INDEX('base 1'!$F$2:$F$31,MATCH(1, ('base 1'!$G$2:$G$31=D12)*('base 1'!$H$2:$H$31=C12),0)),"")} -> JESSILANE DA COSTA | F12: =VLOOKUP(H12,'base 1'!K:L,2,0) -> 280 | G12: =F12*I12 -> 44800 | H12: JOBI-M | I12: =SUMIFS('base 1'!C:C,'base 1'!A:A,downtime!D12,'base 1'!B:B,H12)/60*J12 -> 160 | J12: 60 | K12: =VLOOKUP(L12,'base 1'!P:Q,2,0) -> JANDERSON | L12: PTH | M12: POSTO MONTAGEM PTH | N12: PWBA ONLINE COM PTH IMPACTANDO DIRETAMENTE NO TESTE CLIMATICO
A13: 46126 | B13: 07:00 AS 08:00 | C13: 1 | D13: 8 | E13: {=IFERROR(INDEX('base 1'!$F$2:$F$31,MATCH(1, ('base 1'!$G$2:$G$31=D13)*('base 1'!$H$2:$H$31=C13),0)),"")} -> JESSILANE DA COSTA | F13: =VLOOKUP(H13,'base 1'!K:L,2,0) -> 280 | G13: =F13*I13 -> 44800 | H13: JOBI-M | I13: =SUMIFS('base 1'!C:C,'base 1'!A:A,downtime!D13,'base 1'!B:B,H13)/60*J13 -> 160 | J13: 60 | K13: =VLOOKUP(L13,'base 1'!P:Q,2,0) -> JANDERSON | L13: PTH | M13: POSTO MONTAGEM PTH | N13: PWBA ONLINE COM PTH IMPACTANDO DIRETAMENTE NO TESTE CLIMATICO
A14: 46126 | B14: 08:00 AS 09:00 | C14: 1 | D14: 8 | E14: {=IFERROR(INDEX('base 1'!$F$2:$F$31,MATCH(1, ('base 1'!$G$2:$G$31=D14)*('base 1'!$H$2:$H$31=C14),0)),"")} -> JESSILANE DA COSTA | F14: =VLOOKUP(H14,'base 1'!K:L,2,0) -> 280 | G14: =F14*I14 -> 33600 | H14: JOBI-M | I14: =SUMIFS('base 1'!C:C,'base 1'!A:A,downtime!D14,'base 1'!B:B,H14)/60*J14 -> 120 | J14: 45 | K14: =VLOOKUP(L14,'base 1'!P:Q,2,0) -> JANDERSON | L14: PTH | M14: POSTO MONTAGEM PTH | N14: PWBA ONLINE COM PTH IMPACTANDO DIRETAMENTE NO TESTE CLIMATICO
... A127: 46128 | B127: 06:00 AS 07:00 | C127: 1 | D127: 6 | E127: {=IFERROR(INDEX('base 1'!$F$2:$F$31,MATCH(1, ('base 1'!$G$2:$G$31=D127)*('base 1'!$H$2:$H$31=C127),0)),"")} | F127: =VLOOKUP(H127,'base 1'!K:L,2,0) -> 482 | G127: =F127*I127 -> 12050 | H127: NSX 334I | I127: =SUMIFS('base 1'!C:C,'base 1'!A:A,downtime!D127,'base 1'!B:B,H127)/60*J127 -> 25 | J127: 60 | K127: =VLOOKUP(L127,'base 1'!P:Q,2,0) -> RODRIGO | L127: TI | M127: FALHA DE REDE - SEM COMUNICAÇÃO | N127: MAQUINA DE LASER SEM CABO DE REDE, TI RELATOU QUE HAVIA SOMENTE 1 PONTO DE REDE E A L9 ESTAVA USANDO

Sheet base 1
A1: LINHA | B1: MODELO | C1: META | F1: LIDER | G1: LINHA | H1: TURNO | K1: modelo | L1: vlr un | P1: AREA | Q1: RESPONSAVEL
A2: 1 | B2: VECTOR 3 PAR | C2: 220 | F2: ANNE CAROLINE | G2: 1 | H2: 1 | K2: VECTOR 3 PA | L2: 93 | P2: MATERIAIS | Q2: LEANDRO
A3: 3 | B3: NSX3 P213I | C3: 120 | F3: MIKE WILLIAN | G3: 2 | H3: 1 | K3: VECTOR 3 PAR | L3: 105 | P3: PRODUÇÃO | Q3: JANDERSON
A4: 4 | B4: LUMEN3_MD | C4: 368 | F4: ADRIELL TRINDADE | G4: 3 | H4: 1 | K4: VECTOR 3S 3EL | L4: 97 | P4: ENGENHARIA INDUSTRIAL | Q4: ROGERIO
A5: 5 | B5: NSX3 112I | C5: 120 | F5: BRUNO LOPES | G5: 4 | H5: 1 | K5: NSX P213I | L5: 274 | P5: PTH | Q5: JANDERSON
A6: 8 | B6: JOBI-M | C6: 160 | F6: GLEYCIANE LIMA | G6: 5 | H6: 1 | K6: NSX 314 | L6: 289 | P6: TI | Q6: RODRIGO
A7: 9 | B7: VECTOR 3 PAR | C7: 150 | F7: CAMILA SILVA | G7: 7 | H7: 1 | K7: NSX3 314 | L7: 223.11 | P7: ENGª DE CONFIGURAÇÃO/APLICAÇÃO | Q7: JOBIM
A8: 2 | B8: NSX P213I | C8: 117 | F8: JESSILANE DA COSTA | G8: 8 | H8: 1 | K8: NSX 324I | L8: 218 | P8: PLANEJAMENTO | Q8: DOUGLAS
A9: 7 | B9: DISPLAY | C9: 72 | F9: VICTOR RAFAEL | G9: 9 | H9: 1 | K9: NSX 324 | L9: 437.29 | P9: QUALIDADE | Q9: DIOGO
A10: 5 | B10: NSX 112I | C10: 140 | F10: ELIAS MENDONÇA | G10: 11 | H10: 1 | K10: NSX2 213I | L10: 187.99 | P10: CUPIUBA | Q10: ANDRE
A11: 2 | B11: NSX 324I | C11: 114 | F11: KAMILE DA SILVA | G11: ASSEMBLY | H11: 1 | K11: NSX3 P213I | L11: 172 | P11: INJETAVEIS | Q11: REBECA
A12: 6 | B12: NSX 334I | C12: 25 | F12: ALISSON COSTA | G12: IMPRESSÃO 2D | H12: 1 | K12: VECTOR 4 | L12: 74.49 | P12: PRODUÇÃO (AUT) | Q12: CLEISYON
A13: 11 | B13: NSX3 P213I | C13: 130 | F13: ERLON NUNES | G13: 1 | H13: 2 | K13: LUMEN3_MD | L13: 44.57 | P13: ENGENHARIA DE PROCESSO | Q13: CLEISYON
A14: 1 | B14: VECTOR 3 PA | C14: 190 | F14: JESSICA JORGE | G14: 2 | H14: 2 | K14: LUMEN 3 MD3F | L14: 57 | P14: ENGENHARIA DE PROCESSO (AUT) | Q14: ZACHARY
A15: 9 | B15: VECTOR 3 PA | C15: 150 | F15: MARLON SOUSA | G15: 3 | H15: 2 | K15: LUMEN 3 MDT | L15: 56.83 | P15: ENGENHARIA DE PRODUTO | Q15: DIORIO
A16: 3 | B16: VECTOR 4 | C16: 190 | F16: LUCIANA DE OLIVEIRA | G16: 4 | H16: 2 | K16: LUMEN 4 MD | L16: 37
A17: 2 | B17: VECTOR 4 | C17: 94 | F17: JOYCE ANDRADE | G17: 5 | H17: 2 | K17: NSX 112I | L17: 205
F18: KAYVE SANTOS | G18: 8 | H18: 2 | K18: NSX 113I | L18: 308.59
F19: DANIEL FEITOZA | G19: 9 | H19: 2 | K19: NSX3 113 | L19: 166
F20: GABRIEL GUEDES | G20: 11 | H20: 2 | K20: NSX3 112I | L20: 122
F21: GABRIEL CARNEIRO | G21: ASSEMBLY | H21: 2 | K21: NSX2 112I | L21: 150.4
F22: ANNALU DE AZEVEDO | G22: IMPRESSÃO 2D | H22: 2 | K22: NSX 334i | L22: 482
F23: JEFFERSON PACHIAS | G23: 1 | H23: 3 | K23: NIC | L23: 373.62
F24: JEFFERSON PACHIAS | G24: 2 | H24: 3 | K24: BANDEJA | L24: 1628
F25: SHIRLEY OLIVEIRA | G25: 3 | H25: 3 | K25: BARRAMENTO | L25: 314.09
F26: CAMILA PEREIRA | G26: 4 | H26: 3 | K26: COLETORA | L26: 5061.71
F27: BRUNO GOMES | G27: 5 | H27: 3 | K27: CONCENTRADOR PRIMARIO | L27: 4878
F28: GISELE PINHEIRO | G28: 9 | H28: 3 | K28: CPU CP | L28: 1182
F29: KAMILLA PEREIRA | G29: 11 | H29: 3 | K29: CPU CS | L29: 1172
F30: LORENA REGO | G30: ASSEMBLY | H30: 3 | K30: CX GARNET | L30: 3053
F31: ELIAS EMANOEL | G31: 8 | H31: 3 | K31: MOD. BF | L31: 335.5
K32: MOD. MF | L32: 194
K33: MOD. TF | L33: 381
K34: RADIO | L34: 424.08
K35: DISPLAY | L35: 212.66
K36: JOBI-M | L36: 280
